<?xml version='1.0' encoding='UTF-8'?>
<shortcuts>
	<shortcut>
		<defaultID>weather</defaultID>
		<label>Καιρός</label>
		<label2>Common menu item</label2>
		<icon>special://home/addons/plugin.image.TechNEWSology/resources/media/we.png</icon>
		<thumb />
		<action>ActivateWindow(Weather)</action>
	</shortcut>
	<shortcut>
		<defaultID />
		<label>Εφαρμογές Android</label>
		<label2>Custom item</label2>
		<icon>special://home/addons/plugin.image.TechNEWSology/resources/media/an.png</icon>
		<thumb />
		<action>ActivateWindow(Programs,androidapp://sources/apps)</action>
	</shortcut>
	<shortcut>
		<defaultID>13014</defaultID>
		<label>Ελαχιστοποίηση</label>
		<label2>Εντολή Kodi</label2>
		<icon>special://home/addons/plugin.image.TechNEWSology/resources/media/y.png</icon>
		<thumb />
		<action>Minimize</action>
	</shortcut>
	<shortcut>
		<defaultID>13009</defaultID>
		<label>Άμεση Έξοδος</label>
		<label2>Custom item</label2>
		<icon>special://home/addons/plugin.image.TechNEWSology/resources/media/p.png</icon>
		<thumb />
		<action>RunScript("special://skin/16x9/ForceClose.py")</action>
	</shortcut>
	<shortcut>
		<defaultID>1036</defaultID>
		<label>Αγαπημένα</label>
		<label2>Common menu item</label2>
		<icon>DefaultShortcut.png</icon>
		<thumb>special://home/addons\skin.TechNEWSology\extras\icons\Favorites.png</thumb>
		<action>ActivateWindow(Favourites)</action>
	</shortcut>
	<shortcut>
		<defaultID>13016</defaultID>
		<label>Απενεργοποίηση</label>
		<label2>Custom item</label2>
		<icon>DefaultShortcut.png</icon>
		<thumb>special://home/addons\skin.TechNEWSology\extras\icons\power.png</thumb>
		<action>Powerdown()</action>
	</shortcut>
	<shortcut>
		<defaultID>13013</defaultID>
		<label>Επανεκκίνηση</label>
		<label2>Custom item</label2>
		<icon>DefaultShortcut.png</icon>
		<thumb>special://home/addons\skin.TechNEWSology\extras\icons\DefaultFolderBack.png</thumb>
		<action>Reset()</action>
	</shortcut>
	<shortcut>
		<defaultID>13010</defaultID>
		<label>Αδρανοποίηση</label>
		<label2>Custom item</label2>
		<icon>DefaultShortcut.png</icon>
		<thumb>special://home/addons\skin.TechNEWSology\extras\icons\DefaultAddonScreensaver.png</thumb>
		<action>Hibernate()</action>
	</shortcut>
	<shortcut>
		<defaultID>13011</defaultID>
		<label>Αναστολή</label>
		<label2>Custom item</label2>
		<icon>DefaultShortcut.png</icon>
		<thumb>special://home/addons\skin.TechNEWSology\extras\icons\DefaultAddonScreensaver.png</thumb>
		<action>Suspend()</action>
	</shortcut>
	<shortcut>
		<defaultID>20126</defaultID>
		<label>Αποσύνδεση</label>
		<label2>Custom item</label2>
		<icon>DefaultShortcut.png</icon>
		<thumb />
		<action>System.LogOff</action>
	</shortcut>
	<shortcut>
		<defaultID />
		<label>TechNEWSology</label>
		<label2>Πρόσθετο Βίντεο</label2>
		<icon>special://home/addons/plugin.image.TechNEWSology/resources/media/you.png</icon>
		<thumb />
		<action>ActivateWindow(10025,"plugin://plugin.video.youtube/kodion/search/query/?q=technewsology&amp;sf_options=fanart%3Dspecial%3A%2F%2Fhome%2Faddons%5Cplugin.video.youtube%5Cresources%5Cmedia%5Cfanart.jpg%26meta%3Dplot%253Dtechnewsology%2526votes%253D0%2526label%253Dtechnewsology%26desc%3Dtechnewsology%26_options_sf",return)</action>
	</shortcut>
	<shortcut>
		<defaultID>script.TechNEWSology</defaultID>
		<label>Donate</label>
		<label2>Εφαρμογή</label2>
		<icon>special://home/addons/plugin.image.TechNEWSology/resources/media/pa.png</icon>
		<thumb />
		<action>RunAddOn(script.TechNEWSology)</action>
	</shortcut>
</shortcuts>
