<shortcuts>
	<shortcut>
		<defaultID />
		<label>ΑΓΑΠΗΜΕΝΑ</label>
		<label2>Custom item</label2>
		<icon>DefaultShortcut.png</icon>
		<thumb />
		<action>ActivateWindow(Favourites)</action>
	</shortcut>
	<shortcut>
		<defaultID>power</defaultID>
		<label>ΕΞΟΔΟΣ</label>
		<label2>Custom item</label2>
		<icon>special://skin/extras/icons/power.png</icon>
		<thumb />
		<action>ActivateWindow(shutdownmenu)</action>
	</shortcut>
	<shortcut>
		<defaultID />
		<label>ΤΑΙΝΙΕΣ</label>
		<label2>Custom item</label2>
		<icon>DefaultShortcut.png</icon>
		<thumb />
		<action>ActivateWindow(Videos,"plugin://plugin.program.autowidget/?mode=group&amp;group=movies-1617737888.686593&amp;refresh=&amp;reload=",return)</action>
	</shortcut>
	<shortcut>
		<defaultID />
		<label>ΤΗΛ. ΣΕΙΡΕΣ</label>
		<label2>Custom item</label2>
		<icon>DefaultShortcut.png</icon>
		<thumb />
		<action>ActivateWindow(Videos,"plugin://plugin.program.autowidget/?mode=group&amp;group=series-1617738009.4242933&amp;refresh=&amp;reload=",return)</action>
	</shortcut>
	<shortcut>
		<defaultID />
		<label>ΕΛΛΗΝΙΚΑ</label>
		<label2>Custom item</label2>
		<icon>DefaultShortcut.png</icon>
		<thumb />
		<action>ActivateWindow(Videos,"plugin://plugin.video.AliveGR",return)</action>
	</shortcut>
	<shortcut>
		<defaultID />
		<label>WORLD TV</label>
		<label2>Custom item</label2>
		<icon>DefaultShortcut.png</icon>
		<thumb />
		<action>ActivateWindow(Videos,"plugin://plugin.program.autowidget/?mode=group&amp;group=world-1617799489.7184544&amp;refresh=&amp;reload=",return)</action>
	</shortcut>
	<shortcut>
		<defaultID />
		<label>ΣΠΟΡ</label>
		<label2>Custom item</label2>
		<icon>DefaultShortcut.png</icon>
		<thumb />
		<action>ActivateWindow(Videos,"plugin://plugin.program.autowidget/?mode=group&amp;group=live_now-1617086762.517265&amp;refresh=&amp;reload=",return)</action>
	</shortcut>
	<shortcut>
		<defaultID />
		<label>ΝΤΟΚΥΜΑΝΤΕΡ</label>
		<label2>Custom item</label2>
		<icon>DefaultShortcut.png</icon>
		<thumb />
		<action>ActivateWindow(Videos,"plugin://plugin.video.theoath/?action=movies&amp;url=https%3A%2F%2Fwww.imdb.com%2Fsearch%2Ftitle%3Ftitle_type%3Dfeature%2Ctv_movie%2Cdocumentary%26num_votes%3D100%2C%26release_date%3D%2Cdate%5B0%5D%26genres%3Ddocumentary%26sort%3Dmoviemeter%2Casc%26count%3D20%26start%3D1",return)</action>
	</shortcut>
	<shortcut>
		<defaultID />
		<label>ΠΑΙΔΙΚΑ</label>
		<label2>Custom item</label2>
		<icon>DefaultShortcut.png</icon>
		<thumb />
		<action>ActivateWindow(Videos,"plugin://plugin.video.theoath/?action=movies&amp;url=https%3A%2F%2Fwww.imdb.com%2Fsearch%2Ftitle%3Ftitle_type%3Dfeature%2Ctv_movie%2Cdocumentary%26num_votes%3D100%2C%26release_date%3D%2Cdate%5B0%5D%26genres%3Danimation%26sort%3Dmoviemeter%2Casc%26count%3D20%26start%3D1",return)</action>
	</shortcut>
	<shortcut>
		<defaultID>music</defaultID>
		<label>ΜΟΥΣΙΚΗ</label>
		<label2>Custom item</label2>
		<icon>special://skin/extras/icons/DefaultAudio.png</icon>
		<thumb />
		<action>ActivateWindow(Videos,"plugin://plugin.program.super.favourites/?label=mus&amp;mode=400&amp;path=special%3A%2F%2Fhome%2Faddons%2Fplugin.program.super.favourites%2Ffolders%5CSuper+Favourites%5Cmus&amp;image=special%3A%2F%2Fhome%2Faddons%5Cicon+TechNEWSology%5CMTV.jpg&amp;fanart=special://home/addons%5Cplugin.program.super.favourites%5Cfanart.jpg&amp;content_type=",return)</action>
	</shortcut>
	<shortcut>
		<defaultID>settings</defaultID>
		<label>ΣΥΣΤΗΜΑ</label>
		<label2>Custom item</label2>
		<icon>special://skin/extras/icons/DefaultAddonService.png</icon>
		<thumb />
		<action>ActivateWindow(Settings)</action>
	</shortcut>
</shortcuts>
