<shortcuts>
	<shortcut>
		<defaultID />
		<label>Αναζήτηση</label>
		<label2>Custom item</label2>
		<icon>special://home/addons/plugin.image.TechNEWSology/resources/media/search.png</icon>
		<thumb />
		<action>ActivateWindow(Videos,"plugin://plugin.program.autowidget/?mode=group&amp;group=search_series-1617176237.6405094&amp;refresh=&amp;reload=",return)</action>
	</shortcut>
	<shortcut>
		<defaultID />
		<label>TheMoviedb</label>
		<label2>Πρόσθετο Βίντεο</label2>
		<icon>DefaultShortcut.png</icon>
		<thumb>special://home/addons\plugin.video.themoviedb.helper\icon.png</thumb>
		<action>ActivateWindow(Videos,"plugin://plugin.video.themoviedb.helper/?info=dir_tv&amp;tmdb_type=None&amp;widget=true",return)</action>
	</shortcut>
	<shortcut>
		<defaultID />
		<label>TheOath</label>
		<label2>Πρόσθετο Βίντεο</label2>
		<icon>special://home/addons\plugin.video.theoath\icon.png</icon>
		<thumb />
		<action>ActivateWindow(Videos,"plugin://plugin.video.theoath/?action=tvNavigator",return)</action>
		<visible>System.HasAddon(plugin.video.theoath)</visible>
	</shortcut>
	<shortcut>
		<defaultID />
		<label>Προτιμήσεις</label>
		<label2>Custom item</label2>
		<icon>special://home/addons\plugin.program.mypreferences\icon.png</icon>
		<thumb />
		<action>ActivateWindow(Videos,"plugin://plugin.program.mypreferences/?label=2.THL.SEIRES&amp;mode=400&amp;path=special%3A%2F%2Fprofile%2Faddon_data%2Fplugin.program.mypreferences%5C2.THL.SEIRES",return)</action>
	</shortcut>
	<shortcut>
		<defaultID />
		<label>Seren</label>
		<label2>Πρόσθετο Βίντεο</label2>
		<icon>special://home/addons/plugin.image.TechNEWSology/resources/media/seren.jpg</icon>
		<thumb />
		<action>ActivateWindow(Videos,"plugin://plugin.video.seren/?action=showsHome",return)</action>
	</shortcut>
	<shortcut>
		<defaultID />
		<label>Shadow RD</label>
		<label2>Πρόσθετο Βίντεο</label2>
		<icon>special://home/addons/plugin.image.TechNEWSology/resources/media/shadow.png</icon>
		<thumb />
		<action>ActivateWindow(Videos,"plugin://plugin.video.shadow/?mode=3&amp;dates=+&amp;episode=+&amp;description=TV&amp;all_w=%7B%7D&amp;show_original_year=+&amp;fanart=https%3A%2F%2Fcdn.mos.cms.futurecdn.net%2FqCD39X4DjbpgxD7ZFW63eG.jpg&amp;heb_name=+&amp;iconimage=special://home/addons%5Cplugin.video.shadow%5Cresources%5Cartwork%2Ftv.png&amp;original_title=+&amp;eng_name=+&amp;data=+&amp;url=www&amp;fav_status=false&amp;tmdbid=+&amp;season=+&amp;isr=0&amp;last_id=&amp;image_master=&amp;id=+&amp;name=TV+World&amp;video_data=%7B%22rating%22%3A+%220%22%2C+%22episode%22%3A+0%2C+%22title%22%3A+%22TV+World%22%2C+%22season%22%3A+0%2C+%22TVshowtitle%22%3A+%22%22%2C+%22mediatype%22%3A+%22movie%22%2C+%22plot%22%3A+%22TV%22%2C+%22OriginalTitle%22%3A+%22+%22%2C+%22Tag%22%3A+%22None%22%2C+%22id%22%3A+%22+%22%7D",return)</action>
	</shortcut>
	<shortcut>
		<defaultID />
		<label>Placenta</label>
		<label2>Πρόσθετο Βίντεο</label2>
		<icon>special://home/addons\plugin.video.placenta\icon.png</icon>
		<thumb />
		<action>ActivateWindow(Videos,"plugin://plugin.video.placenta/?action=tvshows&amp;url=popular",return)</action>
		<visible>System.HasAddon(plugin.video.placenta)</visible>
	</shortcut>
	<shortcut>
		<defaultID />
		<label>Extra Addons</label>
		<label2>Πρόσθετο Βίντεο</label2>
		<icon>DefaultShortcut.png</icon>
		<thumb>special://home/addons/plugin.image.TechNEWSology/resources/media/add.png</thumb>
		<action>ActivateWindow(Videos,"plugin://plugin.video.thecrew/?action=directory&amp;content=addons&amp;url=https%3A%2F%2Fgknwizard.eu%2Frepo%2FBuilds%2FTechNEWsology%2FUpdaterMatrix%2FAddons.xml",return)</action>
	</shortcut>
	<shortcut>
		<defaultID />
		<label>Themoviebaynet</label>
		<label2>Πρόσθετο Βίντεο</label2>
		<icon>DefaultShortcut.png</icon>
		<thumb>https://raw.githubusercontent.com/mbebe/blomqvist/master/zips/plugin.video.themoviebaynet/icon.png</thumb>
		<action>ActivateWindow(Videos,"plugin://plugin.video.themoviebaynet/?mode=menu%3Atv&amp;url=https%3A%2F%2Fsubsmovies.club%2F&amp;page=1&amp;title=TV+shows&amp;image=DefaultTVShows.png",return)</action>
	</shortcut>
	<shortcut>
		<defaultID />
		<label>FMovies</label>
		<label2>Πρόσθετο Βίντεο</label2>
		<icon>DefaultShortcut.png</icon>
		<thumb>special://home/addons\plugin.video.fmoviesto\icon.png</thumb>
		<action>ActivateWindow(Videos,"plugin://plugin.video.fmoviesto/?mode=menutvs&amp;url=https%3A%2F%2Ffmovies.to%2Fmovies&amp;page=1&amp;moviescount=0&amp;movie=True&amp;title=%CE%A4%CE%B7%CE%BB.%CE%A3%CE%B5%CE%B9%CF%81%CE%AD%CF%82&amp;image=DefaultMovies.png",return)</action>
	</shortcut>
	<shortcut>
		<defaultID />
		<label>Fen</label>
		<label2>Πρόσθετο Βίντεο</label2>
		<icon>special://home/addons/plugin.image.TechNEWSology/resources/media/fen.png</icon>
		<thumb />
		<action>ActivateWindow(Videos,"plugin://plugin.video.fen/?info=Access+Fen+TV+Show+Menus.&amp;name=TV+Shows&amp;iconImage=tv.png&amp;foldername=TV+Shows&amp;mode=navigator.main&amp;action=TVShowList",return)</action>
	</shortcut>
	<shortcut>
		<defaultID />
		<label>Atlas</label>
		<label2>Πρόσθετο Βίντεο</label2>
		<icon>special://home/addons\plugin.video.atlas\icon.png</icon>
		<thumb />
		<action>ActivateWindow(Videos,"plugin://plugin.video.atlas/?url=https%3A%2F%2Ftainies4konline.xyz%2Ftvshows%2F&amp;mode=800&amp;name=%5BB%5D%5BCOLOR+white%5D%CE%9E%CE%AD%CE%BD%CE%B5%CF%82+%CE%A3%CE%B5%CE%B9%CF%81%CE%AD%CF%82%5B%2FCOLOR%5D%5B%2FB%5D&amp;iconimage=http%3A%2F%2Fi.imgur.com%2FypLPk5x.png&amp;description=%CE%9E%CE%AD%CE%BD%CE%B5%CF%82+%CF%83%CE%B5%CE%AF%CF%81%CE%B5%CF%82+%CE%BC%CE%B5+%CF%85%CF%80%CF%8C%CF%84%CE%B9%CF%84%CE%BB%CE%BF%CF%85%CF%82.%0ASeries+with+greek+subtitles.",return)</action>
		<visible>System.HasAddon(plugin.video.atlas)</visible>
	</shortcut>
	<shortcut>
		<defaultID />
		<label>Crackle</label>
		<label2>Πρόσθετο Βίντεο</label2>
		<icon>DefaultShortcut.png</icon>
		<thumb>special://home/addons\plugin.video.crackle\icon.png</thumb>
		<action>ActivateWindow(Videos,"plugin://plugin.video.crackle/?id=shows&amp;mode=99",return)</action>
	</shortcut>
	<shortcut>
		<defaultID />
		<label>Release BB</label>
		<label2>Πρόσθετο Βίντεο</label2>
		<icon>special://home/addons/plugin.image.TechNEWSology/resources/media/releaseBB.png</icon>
		<thumb>thumb</thumb>
		<action>ActivateWindow(Videos,"plugin://plugin.video.releaseBB/?mode=Categories&amp;section=tv-shows",return)</action>
	</shortcut>
	<shortcut>
		<defaultID>plugin.video.elementum/movies/</defaultID>
		<label>Elementum</label>
		<label2>Πρόσθετο Βίντεο</label2>
		<icon>special://home/addons/plugin.video.elementum/icon.png</icon>
		<thumb />
		<action>ActivateWindow(Videos,"plugin://plugin.video.elementum/shows/",return)</action>
		<visible>System.HasAddon(plugin.video.elementum)</visible>
	</shortcut>
	<shortcut>
		<defaultID />
		<label>Gaia</label>
		<label2>Custom item</label2>
		<icon>special://home/addons/plugin.image.TechNEWSology/resources/media/gaia.jpg</icon>
		<thumb />
		<action>ActivateWindow(Videos,"plugin://plugin.video.gaia/?action=shows&amp;type=show&amp;kids=0",return)</action>
		<visible>System.HasAddon(plugin.video.gaia)</visible>
	</shortcut>
	<shortcut>
		<defaultID />
		<label>The Crew</label>
		<label2>Πρόσθετο Βίντεο</label2>
		<icon>DefaultShortcut.png</icon>
		<thumb>special://home/addons/plugin.image.TechNEWSology/resources/media/crew.jpg</thumb>
		<action>ActivateWindow(Videos,"plugin://plugin.video.thecrew/?action=tvNavigator",return)</action>
	</shortcut>
	<shortcut>
		<defaultID />
		<label>ErtFlix</label>
		<label2>Πρόσθετο Βίντεο</label2>
		<icon>special://home/addons\plugin.video.ert.gr\icon.png</icon>
		<thumb />
		<action>ActivateWindow(Videos,"plugin://plugin.video.ert.gr/?action=series&amp;title=%CE%A3%CE%B5%CE%B9%CF%81%CE%AD%CF%82",return)</action>
	</shortcut>
	<shortcut>
		<defaultID />
		<label>AliveGR</label>
		<label2>Πρόσθετο Βίντεο</label2>
		<icon>special://home/addons\plugin.video.AliveGR\resources\media\icon.png</icon>
		<thumb />
		<action>ActivateWindow(Videos,"plugin://plugin.video.AliveGR/?action=series&amp;title=%CE%A3%CE%B5%CE%B9%CF%81%CE%AD%CF%82",return)</action>
	</shortcut>
	<shortcut>
		<defaultID />
		<label>Tempest</label>
		<label2>Πρόσθετο Βίντεο</label2>
		<icon>special://home/addons\plugin.video.tempest\icon.png</icon>
		<thumb />
		<action>ActivateWindow(Videos,"plugin://plugin.video.tempest/?action=tvNavigator",return)</action>
		<visible>System.HasAddon(plugin.video.tempest)</visible>
	</shortcut>
	<shortcut>
		<defaultID />
		<label>Venom</label>
		<label2>Πρόσθετο Βίντεο</label2>
		<icon>DefaultShortcut.png</icon>
		<thumb>special://home/addons\plugin.video.venom\icon.png</thumb>
		<action>ActivateWindow(Videos,"plugin://plugin.video.venom/?action=tvNavigator",return)</action>
		<visible>System.HasAddon(plugin.video.venom)</visible>
	</shortcut>
	<shortcut>
		<defaultID />
		<label>Magic Dragon</label>
		<label2>Custom item</label2>
		<icon>special://home/addons\plugin.video.themagicdragon\icon.jpg</icon>
		<thumb />
		<action>ActivateWindow(Videos,"plugin://plugin.video.themagicdragon/?url=https%3A%2F%2Fraw.githubusercontent.com%2Ftombebbs1%2Fmagicdragon%2Fmaster%2Ftventertainment.txt&amp;mode=1&amp;name=%5BB%5D%5BI%5D%5BCOLORwhite%5DTV%2FEntertainment%5B%2FB%5D%5B%2FI%5D%5B%2FCOLOR%5D&amp;fanart=https%3A%2F%2Fgithub.com%2Ftombebbs1%2Fmagicdragon%2Fblob%2Fmaster%2Ffanart.jpg%3Fraw%3Dtrue",return)</action>
		<visible>System.HasAddon(plugin.video.themagicdragon)</visible>
	</shortcut>
</shortcuts>
