<?xml version='1.0' encoding='UTF-8'?>
<shortcuts>
	<shortcut>
		<defaultID />
		<label>[B][COLORgray]Greek Channels[/COLOR][/B]</label>
		<label2>Custom item</label2>
		<icon>special://home/addons\icon TechNEWSology/gr.png</icon>
		<thumb />
		<action>ActivateWindow(Videos,"plugin://plugin.program.super.favourites/?label=OTE&amp;mode=400&amp;path=special%3A%2F%2Fhome%2Faddons%2Fplugin.program.super.favourites%2Ffolders%5CSuper+Favourites%5COTE&amp;image=special%3A%2F%2Fhome%2Faddons%5Cicon+TechNEWSology%5CTVONE11.png&amp;fanart=special://home/addons%5Cplugin.program.super.favourites%5Cfanart.jpg&amp;content_type=",return)</action>
	</shortcut>
	<shortcut>
		<defaultID />
		<label>[B][COLORgray]World Channels[/COLOR][/B]</label>
		<label2>Custom item</label2>
		<icon>special://home/addons\icon TechNEWSology/TVONE.png</icon>
		<thumb />
		<action>ActivateWindow(Videos,"plugin://plugin.program.super.favourites/?label=channels+world&amp;mode=400&amp;path=special%3A%2F%2Fhome%2Faddons%2Fplugin.program.super.favourites%2Ffolders%5CSuper+Favourites%5Cchannels+world&amp;image=special%3A%2F%2Fhome%2Faddons%5Cicon+TechNEWSology%5CTVONE.png&amp;fanart=special://home/addons%5Cplugin.program.super.favourites%5Cfanart.jpg&amp;content_type=",return)</action>
	</shortcut>
	<shortcut>
		<defaultID>plugin.video.livetvSerbia</defaultID>
		<label>[B][COLORgray]Live TV Serbia[/COLOR][/B]</label>
		<label2>Πρόσθετο Βίντεο</label2>
		<icon>special://home/addons\plugin.video.livetvSerbia\icon.png</icon>
		<thumb />
		<action>ActivateWindow(Videos,"plugin://plugin.video.livetvSerbia",return)</action>
	</shortcut>
	<shortcut>
		<defaultID>plugin.video.AliveGR</defaultID>
		<label>[B][COLORgray]AliveGR[/COLOR][/B]</label>
		<label2>Πρόσθετο Βίντεο</label2>
		<icon>special://home/addons\plugin.video.AliveGR\icon.png</icon>
		<thumb />
		<action>ActivateWindow(Videos,"plugin://plugin.video.AliveGR",return)</action>
	</shortcut>
	<shortcut>
		<defaultID>plugin.video.nicke85</defaultID>
		<label>[B][COLORgray]nicke85 free list[/COLOR][/B]</label>
		<label2>Πρόσθετο Βίντεο</label2>
		<icon>special://home/addons\plugin.video.nicke85\icon.png</icon>
		<thumb />
		<action>ActivateWindow(Videos,"plugin://plugin.video.nicke85",return)</action>
	</shortcut>
	<shortcut>
		<defaultID />
		<label>[B][COLORgray]Playlist by Countrys[/COLOR][/B]</label>
		<label2>Πρόσθετο Βίντεο</label2>
		<icon>special://home/addons\plugin.video.live.streamspro\icon.png</icon>
		<thumb />
		<action>ActivateWindow(Videos,"plugin://plugin.video.live.streamspro/?url=%24doregex%5Bleg2%5D&amp;mode=17&amp;regexs=%7Bu%27leg2%27%3A%20%7B%27listrepeat%27%3A%20u%27%5Cr%5Cn%3Ctitle%3E%5Bleg2.param2%5D%3C/title%3E%5Cr%5Cn%3Clink%3E%24doregex%5Bleg%5D%3C/link%3E%5Cr%5Cn%27%2C%20%27expres%27%3A%20u%27taxonomy.%2B%3Fhref%3D%22%28.%2B%3F%29%22%3E%28.%2B%3F%29%3C%27%2C%20%27name%27%3A%20u%27leg2%27%2C%20%27page%27%3A%20u%27http%3A//www.dailyiptvlist.com/%27%7D%2C%20u%27list%27%3A%20%7B%27listrepeat%27%3A%20u%27%5Cr%5Cn%3Ctitle%3E%5Blist.param2%5D%3C/title%3E%5Cr%5Cn%3Clink%3ENA%3C/link%3E%5Cr%5Cn%3Cexternallink%3E%5Blist.param1%5D%24%24TSDOWNLOADER%24%24%3C/externallink%3E%5Cr%5Cn%27%2C%20%27expres%27%3A%20u%27%3Ca%20href%3D%22%28.%2A%3F%29%22%3EDownload%28.%2A%3F%29%3C/a%3E%27%2C%20%27name%27%3A%20u%27list%27%2C%20%27page%27%3A%20u%27http%5Bleg.param1%5D%27%7D%2C%20u%27leg%27%3A%20%7B%27listrepeat%27%3A%20u%27%5Cr%5Cn%3Ctitle%3E%5Bleg.param2%5D%3C/title%3E%5Cr%5Cn%3Clink%3E%24doregex%5Blist%5D%3C/link%3E%5Cr%5Cn%27%2C%20%27expres%27%3A%20u%27%28%3Fs%29%3Ch2%20class%3D%22post-title%22.%2B%3Fhref%3D%22https%28.%2B%3F%29%22%3E%28.%2B%3F%29%3C/a%3E%27%2C%20%27name%27%3A%20u%27leg%27%2C%20%27page%27%3A%20u%27%5Bleg2.param1%5D%27%7D%7D",return)</action>
	</shortcut>
	<shortcut>
		<defaultID />
		<label>[B][COLORgray]Daily IPTV list[/COLOR][/B]</label>
		<label2>Πρόσθετο Βίντεο</label2>
		<icon>DefaultShortcut.png</icon>
		<thumb>special://home/addons\plugin.video.livetvSerbia\icon.png</thumb>
		<action>ActivateWindow(Videos,"plugin://plugin.video.livetvSerbia/?url=http%3A%2F%2Flivetvkodiserbia.com%2Faddonxml%2Fkanali%2Fdaily.php%7CUser-Agent%3DMozilla%2F5.0+%28Windows+NT+10.0%3B+Win64%3B+x64%3B+rv%3A63.0%29+LiveTVSerbia%2F20100101+Firefox%2F63.0&amp;mode=1&amp;name=%5BCOLOR+cyan%5DDaily+IPTV+list%5B%2FCOLOR%5D&amp;fanart=http%3A%2F%2Flivetvkodiserbia.com%2Flive%2Fimages%2Faddon%2Fbackground%2Fmovies.jpg",return)</action>
	</shortcut>
	<shortcut>
		<defaultID>plugin.video.iptvts</defaultID>
		<label>[B][COLORgray]IPTV TS[/COLOR][/B]</label>
		<label2>Πρόσθετο Βίντεο</label2>
		<icon>special://home/addons\plugin.video.iptvts\icon.png</icon>
		<thumb />
		<action>ActivateWindow(Videos,"plugin://plugin.video.iptvts",return)</action>
	</shortcut>
	<shortcut>
		<defaultID />
		<label>[B][COLORgray]Flexus IPTV[/COLOR][/B]</label>
		<label2>Πρόσθετο Βίντεο</label2>
		<icon>special://home/addons\plugin.video.live.streamspro\icon.png</icon>
		<thumb />
		<action>ActivateWindow(Videos,"plugin://plugin.video.live.streamspro/?url=https%3A%2F%2Fpastebin.com%2Fraw%2FdzBiY3sw%3Ffbclid%3DIwAR3YRhakbsc3_PvskEAT9dExdZYUDuJd3Fjw2JGS8vlB2FmxCH3xm4y_PAQ&amp;mode=1&amp;name=Flexus+IPTV&amp;fanart=C%3A%5CUsers%5Ci5%5CAppData%5CRoaming%5CKodi%5Caddons%5Cplugin.video.live.streamspro%5Cfanart.jpg",return)</action>
	</shortcut>
	<shortcut>
		<defaultID />
		<label>[B][COLORgray]IPTV Rising Tides[/COLOR][/B]</label>
		<label2>Πρόσθετο Βίντεο</label2>
		<icon>special://home/addons\plugin.video.Rising.Tides\icon.png</icon>
		<thumb />
		<action>ActivateWindow(Videos,"plugin://plugin.video.Rising.Tides/?url=http%3A%2F%2Fbit.ly%2FIIPTVHEAVENZ&amp;mode=1&amp;name=%5BCOLOR+pink%5D%5BB%5DI%5B%2FB%5D%5B%2FCOLOR%5D%5BCOLOR+white%5D%5BB%5DPTV%5B%2FB%5D%5B%2FCOLOR%5D+%5BCOLOR+red%5D%5BB%5DH%5B%2FB%5D%5B%2FCOLOR%5D%5BCOLOR+white%5D%5BB%5Deaven%5B%2FB%5D%5B%2FCOLOR%5D&amp;iconimage=http%3A%2F%2Fmullafabz.xyz%2FHOST%2FIcons%2FIPTVs.jpg&amp;fanart=http%3A%2F%2Fmullafabz.xyz%2FHOST%2FIcons%2Fiptvfanart.jpg",return)</action>
	</shortcut>
	<shortcut>
		<defaultID />
		<label>[B][COLORgray]FirstOne[/COLOR][/B]</label>
		<label2>Πρόσθετο Βίντεο</label2>
		<icon>special://home/addons\icon TechNEWSology/fir.jpg</icon>
		<thumb />
		<action>ActivateWindow(Videos,"plugin://plugin.video.SportsDevil/?mode=1&amp;item=title%3DFirstOne%2BTV%26url%3Dcustoms%252Ffirstonetv.cfg%26definedIn%3Dcustoms.cfg%26director%3Dfirstonetv.eu%26genre%3DLive%2BTV%26type%3Drss%26icon%3Dhttps%253A%252F%252Fcdn.firstonetv.eu%252Fimages%252Flogo.png",return)</action>
	</shortcut>
	<shortcut>
		<defaultID />
		<label>[B][COLORgray]CyprusTV[/COLOR][/B]</label>
		<label2>Πρόσθετο Βίντεο</label2>
		<icon>special://home/addons\plugin.video.atlas\icon.png</icon>
		<thumb />
		<action>ActivateWindow(Videos,"plugin://plugin.video.atlas/?url=&amp;mode=461&amp;name=%5BB%5D%5BCOLOR+white%5DCyprusTV%5B%2FCOLOR%5D%5B%2FB%5D&amp;iconimage=https%3A%2F%2Fi.imgur.com%2F0DP0AWK.png&amp;description=%CE%9A%CF%85%CF%80%CF%81%CE%B9%CE%B1%CE%BA%CE%AE+%CF%84%CE%B7%CE%BB%CE%B5%CF%8C%CF%81%CE%B1%CF%83%CE%B7.%0ACyprus+TV.",return)</action>
	</shortcut>
	<shortcut>
		<defaultID />
		<label>[B][COLORgray]OKLiveTV[/COLOR][/B]</label>
		<label2>Πρόσθετο Βίντεο</label2>
		<icon>special://home/addons\icon TechNEWSology/wo.jpg</icon>
		<thumb />
		<action>ActivateWindow(Videos,"plugin://plugin.video.SportsDevil/?mode=1&amp;item=title%3DOKLiveTV.com%26url%3Dcustoms%252Foklivetv.cfg%26definedIn%3Dcustoms.cfg%26director%3Doklivetv.com%26genre%3DLive%2BTV%26type%3Drss%26icon%3Dhttp%253A%252F%252Foklivetv.com%252Fwp-content%252Fuploads%252F2015%252F01%252Flogo2.png",return)</action>
	</shortcut>
	<shortcut>
		<defaultID />
		<label>[B][COLORgray]ShadowNet.ro[/COLOR][/B]</label>
		<label2>Πρόσθετο Βίντεο</label2>
		<icon>special://home/addons\icon TechNEWSology/ch.png</icon>
		<thumb />
		<action>ActivateWindow(Videos,"plugin://plugin.video.SportsDevil/?mode=1&amp;item=title%3DShadowNet.ro%2B%2528World%2BTV%2529%26url%3Dcustoms%252Fshadownet.ro.cfg%26definedIn%3Dcustoms.cfg%26director%3DShadowNet.ro%26genre%3DLive%2BTV%26type%3Drss%26icon%3Dhttp%253A%252F%252Fwww.shadow-net.me%252Fproduct_images%252Flogon.png%257CReferer%253Dhttp%253A%252F%252Fwww.shadow-net.me%252F%2526User-Agent%253DMozilla%252F5.0%2B%2528Windows%2BNT%2B6.3%2529%2BAppleWebKit%252F537.36%2B%2528KHTML%252C%2Blike%2BGecko%2529%2BChrome%252F53.0.2785.143%2BSafari%252F537.36",return)</action>
	</shortcut>
	<shortcut>
		<defaultID />
		<label>[B][COLOR gray]7of9 IPTV[/COLOR][/B]</label>
		<label2>Πρόσθετο Βίντεο</label2>
		<icon>special://home/addons\icon TechNEWSology/7of9.png</icon>
		<thumb />
		<action>ActivateWindow(Videos,"plugin://plugin.video.7of9/?mode=get_list&amp;url=http%3A%2F%2Fm3u.xyz%2Fjen%2F7of9%2Fiptv.php&amp;name=%5BCOLOR+ffffffFFFFFF%5D%5BB%5D%5BCOLOR+orange%5DIPTV%5B%2FCOLOR%5D%5B%2FB%5D%5B%2FCOLOR%5D&amp;iconimage=C%3A%5CUsers%5CBuilds%5CAppData%5CRoaming%5CKodi%5Caddons%5Cplugin.video.7of9%5Cicon.png&amp;fanart=C%3A%5CUsers%5CBuilds%5CAppData%5CRoaming%5CKodi%5Caddons%5Cplugin.video.7of9%5Cfanart.jpg&amp;description=No+information+available",return)</action>
	</shortcut>
	<shortcut>
		<defaultID />
		<label>[B][COLOR gray]IPTV BlackGhost[/COLOR][/B]</label>
		<label2>Πρόσθετο Βίντεο</label2>
		<icon>special://home/addons\plugin.video.blackghost\icon.png</icon>
		<thumb />
		<action>ActivateWindow(videos,"plugin://plugin.video.blackghost/?url=https%3A%2F%2Fraw.githubusercontent.com%2Fblackghostaddon%2Fgray%2Fmaster%2Fiptv.xml&amp;mode=1&amp;name=%5BCOLOR+white%5D%5BB%5DIPTV%5B%2FB%5D+%5B%2FCOLOR%5D%5BCOLOR+lightslategray%5D%5BWorld+Servers+Updated+Daily%5D%5B%2FCOLOR%5D+&amp;fanart=https%3A%2F%2Fraw.githubusercontent.com%2Fblackghostaddon%2Fgray%2Fmaster%2Fimg%2Ffanart.jpg",return)</action>
	</shortcut>
	<shortcut>
		<defaultID />
		<label>[B][COLOR gray]EYASSES[/COLOR][/B]</label>
		<label2>Πρόσθετο Βίντεο</label2>
		<icon>special://home/addons\plugin.video.pauls_world\icon.png</icon>
		<thumb />
		<action>ActivateWindow(Videos,"plugin://plugin.video.pauls_world/?url=http%3A%2F%2Fajbuilds.uk%2Fpaulsworld%2FIPTVALL.xml&amp;mode=1&amp;name=%5BCOLOR+lime%5D%5BB%5DLIVE+TV%5B%2FB%5D%5B%2FCOLOR%5D&amp;fanart=",return)</action>
	</shortcut>
	<shortcut>
		<defaultID />
		<label>[B][COLORgray]Supremacy[/COLOR][/B]</label>
		<label2>Custom item</label2>
		<icon>special://home/addons\plugin.video.supremacy\icon.png</icon>
		<thumb />
		<action>ActivateWindow(Videos,"plugin://plugin.video.supremacy/?action=directory&amp;url=http%3A%2F%2Fstephen-builds.uk%2Fsupremacy%2520changeing%2Fautoiptv.txt&amp;content=addons",return)</action>
	</shortcut>
	<shortcut>
		<defaultID />
		<label>[B][COLORgray]At The Flix[/COLOR][/B]</label>
		<label2>Custom item</label2>
		<icon>special://home/addons\plugin.video.AtTheFlix\icon.png</icon>
		<thumb />
		<action>ActivateWindow(Videos,"plugin://plugin.video.AtTheFlix/?mode=get_list&amp;url=https%3A%2F%2Fpastebin.com%2Fraw%2FYDr4Vv7i&amp;name=%5BCOLOR+red%5D%5BB%5DCatch+Up+TV%5B%2FB%5D%5B%2FCOLOR%5D&amp;iconimage=https%3A%2F%2Fi.imgur.com%2FOcaHSHO.jpg&amp;fanart=https%3A%2F%2Fi.imgur.com%2FJTwgLfz.jpg&amp;description=No+information+available",return)</action>
	</shortcut>
	<shortcut>
		<defaultID />
		<label>[B][COLORgray]Hermes[/COLOR][/B]</label>
		<label2>Πρόσθετο Βίντεο</label2>
		<icon>special://home/addons\icon TechNEWSology/hermes.png</icon>
		<thumb />
		<action>ActivateWindow(Videos,"plugin://plugin.video.atlas/?url=https%3A%2F%2Fraw.githubusercontent.com%2FHermesGR%2FWorldIptv%2Fmaster%2FREADME.m3u&amp;mode=419&amp;name=WorldIptv&amp;iconimage=https%3A%2F%2Fis3-ssl.mzstatic.com%2Fimage%2Fthumb%2FPurple127%2Fv4%2Fe0%2F7e%2Ffe%2Fe07efe97-54b8-5004-eb75-fbe7905741ce%2Fsource%2F256x256bb.jpg&amp;description=",return)</action>
	</shortcut>
	<shortcut>
		<defaultID>plugin.video.tvone1111/list_channels/4</defaultID>
		<label>[B][COLORgray]Cooking[/COLOR][/B]</label>
		<label2>Πρόσθετο Βίντεο</label2>
		<icon>special://home/addons\icon TechNEWSology/TVONE1111.png</icon>
		<thumb />
		<action>ActivateWindow(Videos,"plugin://plugin.video.tvone1111/list_channels/4",return)</action>
	</shortcut>
	<shortcut>
		<defaultID />
		<label>[B][COLORgray]Γυναίκα[/COLOR][/B]</label>
		<label2>Custom item</label2>
		<icon>special://home/addons\plugin.video.atlas\icon.png</icon>
		<thumb />
		<action>ActivateWindow(Videos,"plugin://plugin.video.atlas/?url=&amp;mode=5000&amp;name=%5BB%5D%5BCOLOR+white%5D%CE%93%CF%85%CE%BD%CE%B1%CE%AF%CE%BA%CE%B1%5B%2FCOLOR%5D%5B%2FB%5D&amp;iconimage=https%3A%2F%2Fi.imgur.com%2FgUiwkjC.png&amp;description=%CE%B2%CE%AF%CE%BD%CF%84%CE%B5%CE%BF+%CE%B3%CE%B9%CE%B1+%CE%B3%CF%85%CE%BD%CE%B1%CE%AF%CE%BA%CE%B5%CF%82.%0AVideo+for+womans.",return)</action>
	</shortcut>
	<shortcut>
		<defaultID />
		<label>[B][COLORgray]loki Fitness[/COLOR][/B]</label>
		<label2>Πρόσθετο Βίντεο</label2>
		<icon>DefaultShortcut.png</icon>
		<thumb>special://home/addons\plugin.video.loki\icon.png</thumb>
		<action>ActivateWindow(Videos,"plugin://plugin.video.loki/?mode=get_list&amp;url=http%3A%2F%2Fbuilds.kodiuk.tv%2Fdevelopment%2Floki%2Ffitness%2Ffitness.xml&amp;name=%5BCOLOR+FFffffffff%5DFITNESS%5B%2FCOLOR%5D&amp;iconimage=special://home/addons%5Cplugin.video.loki%5Cicon.png&amp;fanart=special://home/addons%5Cplugin.video.loki%5Cfanart.jpg&amp;description=No+information+available",return)</action>
	</shortcut>
	<shortcut>
		<defaultID />
		<label>[B][COLOR gray]7of9 Fitness[/COLOR][/B]</label>
		<label2>Custom item</label2>
		<icon>special://home/addons\icon TechNEWSology/7of9.png</icon>
		<thumb />
		<action>ActivateWindow(Videos,"plugin://plugin.video.7of9/?mode=get_list&amp;url=http%3A%2F%2Fm3u.xyz%2Fjen%2F7of9%2Ffitness.php&amp;name=%5BCOLOR+ffffffFFFFFF%5D%5BB%5D%5BCOLOR+orange%5DFitness%5B%2FCOLOR%5D%5B%2FB%5D%5B%2FCOLOR%5D&amp;iconimage=C%3A%5CUsers%5CBuilds%5CAppData%5CRoaming%5CKodi%5Caddons%5Cplugin.video.7of9%5Cicon.png&amp;fanart=C%3A%5CUsers%5CBuilds%5CAppData%5CRoaming%5CKodi%5Caddons%5Cplugin.video.7of9%5Cfanart.jpg&amp;description=No+information+available",return)</action>
	</shortcut>
	<shortcut>
		<defaultID>plugin.video.tvone/list_channels/1</defaultID>
		<label>[B][COLORgray]Uk &amp; Usa[/COLOR][/B]</label>
		<label2>Πρόσθετο Βίντεο</label2>
		<icon>special://home/addons\icon TechNEWSology/TVONE.png</icon>
		<thumb />
		<action>ActivateWindow(Videos,"plugin://plugin.video.tvone/list_channels/1",return)</action>
	</shortcut>
	<shortcut>
		<defaultID />
		<label>[B][COLORgray]Uk Tv[/COLOR][/B]</label>
		<label2>Πρόσθετο Βίντεο</label2>
		<icon>special://home/addons\plugin.video.pauls_world\icon.png</icon>
		<thumb />
		<action>ActivateWindow(Videos,"plugin://plugin.video.pauls_world/?url=http%3A%2F%2Fajbuilds.uk%2Fpaulsworld%2FIPTV.xml&amp;mode=1&amp;name=%5BCOLOR+lime%5D%5BB%5DUK+TV%5B%2FB%5D%5B%2FCOLOR%5D&amp;fanart=",return)</action>
	</shortcut>
	<shortcut>
		<defaultID />
		<label>[B][COLORgray]Sky Movies[/COLOR][/B]</label>
		<label2>Πρόσθετο Βίντεο</label2>
		<icon>special://home/addons\plugin.video.pauls_world\icon.png</icon>
		<thumb />
		<action>ActivateWindow(Videos,"plugin://plugin.video.pauls_world/?url=http%3A%2F%2Fajbuilds.uk%2Fpaulsworld%2Fskymovies.xml&amp;mode=1&amp;name=%5BCOLOR+lime%5D%5BB%5DSKY+MOVIES%5B%2FB%5D%5B%2FCOLOR%5D&amp;fanart=",return)</action>
	</shortcut>
</shortcuts>
